Workbook

Sheet MonthlySalesData
A1: Transaction ID | B1: Sale Date | C1: Employee ID | D1: Month | E1: Product Category | F1: Units Sold | G1: Revenue | H1: Target | I1: Region | J1: Department | K1: Name | L1: Designation | M1: Region | N1: Sales Target Achievement% | O1: Benchmark Target
A2: 770265 | B2: 44979 | C2: EMP002 | D2: JAN | E2: Electronics | F2: 21 | G2: 36939 | H2: 37433 | I2: South | J2: =_xlfn.XLOOKUP(C2,EmployeeMaster!$A$1:$A$9,EmployeeMaster!$C$1:$C$9) -> Marketing | K2: =IFERROR(_xlfn.XLOOKUP(C2,EmployeeMaster!$A$1:$A$9,EmployeeMaster!$B$1:$B$9),"not found") -> Raj Mehta | L2: =IFERROR(_xlfn.XLOOKUP(C2,EmployeeMaster!$A$1:$A$9,EmployeeMaster!$D$1:$D$9,"not found",0),"not found") -> Marketing Lead | M2: =IFERROR(_xlfn.XLOOKUP(C2,EmployeeMaster!$A$1:$A$9,EmployeeMaster!$E$1:$E$9),"not found") -> South | N2: =(G2/H2)*100 -> 98.680309 | O2: =_xlfn.XLOOKUP(M2,RegionBenchmarks!$A$1:$A$6,RegionBenchmarks!$B$1:$B$6) -> 60000
A3: 562322 | B3: 45210 | C3: EMP003 | D3: JAN | E3: Electronics | F3: 26 | G3: 43992 | H3: 36857 | I3: East | J3: =_xlfn.XLOOKUP(C3,EmployeeMaster!$A$1:$A$9,EmployeeMaster!$C$1:$C$9) -> Sales | K3: =IFERROR(_xlfn.XLOOKUP(C3,EmployeeMaster!$A$1:$A$9,EmployeeMaster!$B$1:$B$9),"not found") -> Ronn Robinson | L3: =IFERROR(_xlfn.XLOOKUP(C3,EmployeeMaster!$A$1:$A$9,EmployeeMaster!$D$1:$D$9,"not found",0),"not found") -> Sr. Sales Exec. | M3: =IFERROR(_xlfn.XLOOKUP(C3,EmployeeMaster!$A$1:$A$9,EmployeeMaster!$E$1:$E$9),"not found") -> East | N3: =(G3/H3)*100 -> 119.3586 | O3: =_xlfn.XLOOKUP(M3,RegionBenchmarks!$A$1:$A$6,RegionBenchmarks!$B$1:$B$6) -> 50000
A4: 897935 | B4: 45051 | C4: EMP007 | D4: JAN | E4: Electronics | F4: 22 | G4: 22660 | H4: 26125 | I4: North | J4: =_xlfn.XLOOKUP(C4,EmployeeMaster!$A$1:$A$9,EmployeeMaster!$C$1:$C$9) -> Marketing | K4: =IFERROR(_xlfn.XLOOKUP(C4,EmployeeMaster!$A$1:$A$9,EmployeeMaster!$B$1:$B$9),"not found") -> Martina Brands | L4: =IFERROR(_xlfn.XLOOKUP(C4,EmployeeMaster!$A$1:$A$9,EmployeeMaster!$D$1:$D$9,"not found",0),"not found") -> Brand Manager | M4: =IFERROR(_xlfn.XLOOKUP(C4,EmployeeMaster!$A$1:$A$9,EmployeeMaster!$E$1:$E$9),"not found") -> North | N4: =(G4/H4)*100 -> 86.736842 | O4: =_xlfn.XLOOKUP(M4,RegionBenchmarks!$A$1:$A$6,RegionBenchmarks!$B$1:$B$6) -> 68500
A5: 531908 | B5: 44959 | C5: EMP001 | D5: JAN | E5: Stationery | F5: 55 | G5: 66165 | H5: 59434 | I5: North | J5: =IFERROR(_xlfn.XLOOKUP(C5,EmployeeMaster!$A$1:$A$9,EmployeeMaster!$C$1:$C$9),"not found") -> Sales | K5: =IFERROR(_xlfn.XLOOKUP(C5,EmployeeMaster!$A$1:$A$9,EmployeeMaster!$B$1:$B$9),"not found") -> Lynda Smith | L5: =IFERROR(_xlfn.XLOOKUP(C5,EmployeeMaster!$A$1:$A$9,EmployeeMaster!$D$1:$D$9,"not found",0),"not found") -> Sales Executive | M5: =IFERROR(_xlfn.XLOOKUP(C5,EmployeeMaster!$A$1:$A$9,EmployeeMaster!$E$1:$E$9),"not found") -> North | N5: =(G5/H5)*100 -> 111.32517 | O5: =_xlfn.XLOOKUP(M5,RegionBenchmarks!$A$1:$A$6,RegionBenchmarks!$B$1:$B$6) -> 68500
A6: 208664 | B6: 45231 | C6: EMP007 | D6: JAN | E6: Electronics | F6: 34 | G6: 49606 | H6: 44952 | I6: North | J6: =_xlfn.XLOOKUP(C6,EmployeeMaster!$A$1:$A$9,EmployeeMaster!$C$1:$C$9) -> Marketing | K6: =IFERROR(_xlfn.XLOOKUP(C6,EmployeeMaster!$A$1:$A$9,EmployeeMaster!$B$1:$B$9),"not found") -> Martina Brands | L6: =IFERROR(_xlfn.XLOOKUP(C6,EmployeeMaster!$A$1:$A$9,EmployeeMaster!$D$1:$D$9,"not found",0),"not found") -> Brand Manager | M6: =IFERROR(_xlfn.XLOOKUP(C6,EmployeeMaster!$A$1:$A$9,EmployeeMaster!$E$1:$E$9),"not found") -> North | N6: =(G6/H6)*100 -> 110.35327 | O6: =_xlfn.XLOOKUP(M6,RegionBenchmarks!$A$1:$A$6,RegionBenchmarks!$B$1:$B$6) -> 68500
A7: 690563 | B7: 45152 | C7: EMP003 | D7: JAN | E7: Electronics | F7: 47 | G7: 63356 | H7: 63804 | I7: East | J7: =_xlfn.XLOOKUP(C7,EmployeeMaster!$A$1:$A$9,EmployeeMaster!$C$1:$C$9) -> Sales | K7: =IFERROR(_xlfn.XLOOKUP(C7,EmployeeMaster!$A$1:$A$9,EmployeeMaster!$B$1:$B$9),"not found") -> Ronn Robinson | L7: =IFERROR(_xlfn.XLOOKUP(C7,EmployeeMaster!$A$1:$A$9,EmployeeMaster!$D$1:$D$9,"not found",0),"not found") -> Sr. Sales Exec. | M7: =IFERROR(_xlfn.XLOOKUP(C7,EmployeeMaster!$A$1:$A$9,EmployeeMaster!$E$1:$E$9),"not found") -> East | N7: =(G7/H7)*100 -> 99.29785 | O7: =_xlfn.XLOOKUP(M7,RegionBenchmarks!$A$1:$A$6,RegionBenchmarks!$B$1:$B$6) -> 50000
A8: 484790 | B8: 45017 | C8: EMP006 | D8: JAN | E8: Furniture | F8: 26 | G8: 28444 | H8: 27220 | I8: South | J8: =_xlfn.XLOOKUP(C8,EmployeeMaster!$A$1:$A$9,EmployeeMaster!$C$1:$C$9) -> Sales | K8: =IFERROR(_xlfn.XLOOKUP(C8,EmployeeMaster!$A$1:$A$9,EmployeeMaster!$B$1:$B$9),"not found") -> Fatima Zhang | L8: =IFERROR(_xlfn.XLOOKUP(C8,EmployeeMaster!$A$1:$A$9,EmployeeMaster!$D$1:$D$9,"not found",0),"not found") -> Sales Executive | M8: =IFERROR(_xlfn.XLOOKUP(C8,EmployeeMaster!$A$1:$A$9,EmployeeMaster!$E$1:$E$9),"not found") -> South | N8: =(G8/H8)*100 -> 104.49669 | O8: =_xlfn.XLOOKUP(M8,RegionBenchmarks!$A$1:$A$6,RegionBenchmarks!$B$1:$B$6) -> 60000
A9: 424434 | B9: 45128 | C9: EMP006 | D9: JAN | E9: Stationery | F9: 58 | G9: 73660 | H9: 65437 | I9: South | J9: =_xlfn.XLOOKUP(C9,EmployeeMaster!$A$1:$A$9,EmployeeMaster!$C$1:$C$9) -> Sales | K9: =IFERROR(_xlfn.XLOOKUP(C9,EmployeeMaster!$A$1:$A$9,EmployeeMaster!$B$1:$B$9),"not found") -> Fatima Zhang | L9: =IFERROR(_xlfn.XLOOKUP(C9,EmployeeMaster!$A$1:$A$9,EmployeeMaster!$D$1:$D$9,"not found",0),"not found") -> Sales Executive | M9: =IFERROR(_xlfn.XLOOKUP(C9,EmployeeMaster!$A$1:$A$9,EmployeeMaster!$E$1:$E$9),"not found") -> South | N9: =(G9/H9)*100 -> 112.56629 | O9: =_xlfn.XLOOKUP(M9,RegionBenchmarks!$A$1:$A$6,RegionBenchmarks!$B$1:$B$6) -> 60000
A10: 190886 | B10: 45289 | C10: EMP008 | D10: FEB | E10: Stationery | F10: 54 | G10: 60858 | H10: 59657 | I10: East | J10: =_xlfn.XLOOKUP(C10,EmployeeMaster!$A$1:$A$9,EmployeeMaster!$C$1:$C$9) -> Sales | K10: =IFERROR(_xlfn.XLOOKUP(C10,EmployeeMaster!$A$1:$A$9,EmployeeMaster!$B$1:$B$9),"not found") -> John Taylor | L10: =IFERROR(_xlfn.XLOOKUP(C10,EmployeeMaster!$A$1:$A$9,EmployeeMaster!$D$1:$D$9,"not found",0),"not found") -> Sales Manager | M10: =IFERROR(_xlfn.XLOOKUP(C10,EmployeeMaster!$A$1:$A$9,EmployeeMaster!$E$1:$E$9),"not found") -> East | N10: =(G10/H10)*100 -> 102.01318 | O10: =_xlfn.XLOOKUP(M10,RegionBenchmarks!$A$1:$A$6,RegionBenchmarks!$B$1:$B$6) -> 50000
A11: 655665 | B11: 45050 | C11: EMP005 | D11: FEB | E11: Stationery | F11: 60 | G11: 97980 | H11: 88473 | I11: Central | J11: =_xlfn.XLOOKUP(C11,EmployeeMaster!$A$1:$A$9,EmployeeMaster!$C$1:$C$9) -> Sales | K11: =IFERROR(_xlfn.XLOOKUP(C11,EmployeeMaster!$A$1:$A$9,EmployeeMaster!$B$1:$B$9),"not found") -> Joe Lyn | L11: =IFERROR(_xlfn.XLOOKUP(C11,EmployeeMaster!$A$1:$A$9,EmployeeMaster!$D$1:$D$9,"not found",0),"not found") -> Sales Associate | M11: =IFERROR(_xlfn.XLOOKUP(C11,EmployeeMaster!$A$1:$A$9,EmployeeMaster!$E$1:$E$9),"not found") -> Central | N11: =(G11/H11)*100 -> 110.74565 | O11: =_xlfn.XLOOKUP(M11,RegionBenchmarks!$A$1:$A$6,RegionBenchmarks!$B$1:$B$6) -> 45000
A12: 624861 | B12: 45132 | C12: EMP004 | D12: FEB | E12: Furniture | F12: 24 | G12: 25104 | H12: 19270 | I12: West | J12: =_xlfn.XLOOKUP(C12,EmployeeMaster!$A$1:$A$9,EmployeeMaster!$C$1:$C$9) -> Operations | K12: =IFERROR(_xlfn.XLOOKUP(C12,EmployeeMaster!$A$1:$A$9,EmployeeMaster!$B$1:$B$9),"not found") -> Christi Davis | L12: =IFERROR(_xlfn.XLOOKUP(C12,EmployeeMaster!$A$1:$A$9,EmployeeMaster!$D$1:$D$9,"not found",0),"not found") -> Ops Manager | M12: =IFERROR(_xlfn.XLOOKUP(C12,EmployeeMaster!$A$1:$A$9,EmployeeMaster!$E$1:$E$9),"not found") -> West | N12: =(G12/H12)*100 -> 130.27504 | O12: =_xlfn.XLOOKUP(M12,RegionBenchmarks!$A$1:$A$6,RegionBenchmarks!$B$1:$B$6) -> 55000
A13: 279643 | B13: 44982 | C13: EMP002 | D13: FEB | E13: Furniture | F13: 34 | G13: 64158 | H13: 67504 | I13: South | J13: =_xlfn.XLOOKUP(C13,EmployeeMaster!$A$1:$A$9,EmployeeMaster!$C$1:$C$9) -> Marketing | K13: =IFERROR(_xlfn.XLOOKUP(C13,EmployeeMaster!$A$1:$A$9,EmployeeMaster!$B$1:$B$9),"not found") -> Raj Mehta | L13: =IFERROR(_xlfn.XLOOKUP(C13,EmployeeMaster!$A$1:$A$9,EmployeeMaster!$D$1:$D$9,"not found",0),"not found") -> Marketing Lead | M13: =IFERROR(_xlfn.XLOOKUP(C13,EmployeeMaster!$A$1:$A$9,EmployeeMaster!$E$1:$E$9),"not found") -> South | N13: =(G13/H13)*100 -> 95.043257 | O13: =_xlfn.XLOOKUP(M13,RegionBenchmarks!$A$1:$A$6,RegionBenchmarks!$B$1:$B$6) -> 60000
A14: 915044 | B14: 44981 | C14: EMP008 | D14: FEB | E14: Furniture | F14: 60 | G14: 111240 | H14: 110263 | I14: East | J14: =_xlfn.XLOOKUP(C14,EmployeeMaster!$A$1:$A$9,EmployeeMaster!$C$1:$C$9) -> Sales | K14: =IFERROR(_xlfn.XLOOKUP(C14,EmployeeMaster!$A$1:$A$9,EmployeeMaster!$B$1:$B$9),"not found") -> John Taylor | L14: =IFERROR(_xlfn.XLOOKUP(C14,EmployeeMaster!$A$1:$A$9,EmployeeMaster!$D$1:$D$9,"not found",0),"not found") -> Sales Manager | M14: =IFERROR(_xlfn.XLOOKUP(C14,EmployeeMaster!$A$1:$A$9,EmployeeMaster!$E$1:$E$9),"not found") -> East | N14: =(G14/H14)*100 -> 100.88606 | O14: =_xlfn.XLOOKUP(M14,RegionBenchmarks!$A$1:$A$6,RegionBenchmarks!$B$1:$B$6) -> 50000
A15: 480683 | B15: 45164 | C15: EMP006 | D15: FEB | E15: Stationery | F15: 33 | G15: 55638 | H15: 56264 | I15: South | J15: =_xlfn.XLOOKUP(C15,EmployeeMaster!$A$1:$A$9,EmployeeMaster!$C$1:$C$9) -> Sales | K15: =IFERROR(_xlfn.XLOOKUP(C15,EmployeeMaster!$A$1:$A$9,EmployeeMaster!$B$1:$B$9),"not found") -> Fatima Zhang | L15: =IFERROR(_xlfn.XLOOKUP(C15,EmployeeMaster!$A$1:$A$9,EmployeeMaster!$D$1:$D$9,"not found",0),"not found") -> Sales Executive | M15: =IFERROR(_xlfn.XLOOKUP(C15,EmployeeMaster!$A$1:$A$9,EmployeeMaster!$E$1:$E$9),"not found") -> South | N15: =(G15/H15)*100 -> 98.887388 | O15: =_xlfn.XLOOKUP(M15,RegionBenchmarks!$A$1:$A$6,RegionBenchmarks!$B$1:$B$6) -> 60000
A16: 527151 | B16: 44970 | C16: EMP002 | D16: FEB | E16: Stationery | F16: 58 | G16: 95700 | H16: 97897 | I16: South | J16: =_xlfn.XLOOKUP(C16,EmployeeMaster!$A$1:$A$9,EmployeeMaster!$C$1:$C$9) -> Marketing | K16: =IFERROR(_xlfn.XLOOKUP(C16,EmployeeMaster!$A$1:$A$9,EmployeeMaster!$B$1:$B$9),"not found") -> Raj Mehta | L16: =IFERROR(_xlfn.XLOOKUP(C16,EmployeeMaster!$A$1:$A$9,EmployeeMaster!$D$1:$D$9,"not found",0),"not found") -> Marketing Lead | M16: =IFERROR(_xlfn.XLOOKUP(C16,EmployeeMaster!$A$1:$A$9,EmployeeMaster!$E$1:$E$9),"not found") -> South | N16: =(G16/H16)*100 -> 97.755805 | O16: =_xlfn.XLOOKUP(M16,RegionBenchmarks!$A$1:$A$6,RegionBenchmarks!$B$1:$B$6) -> 60000
A17: 914427 | B17: 45105 | C17: EMP004 | D17: FEB | E17: Stationery | F17: 30 | G17: 44190 | H17: 42974 | I17: West | J17: =_xlfn.XLOOKUP(C17,EmployeeMaster!$A$1:$A$9,EmployeeMaster!$C$1:$C$9) -> Operations | K17: =IFERROR(_xlfn.XLOOKUP(C17,EmployeeMaster!$A$1:$A$9,EmployeeMaster!$B$1:$B$9),"not found") -> Christi Davis | L17: =IFERROR(_xlfn.XLOOKUP(C17,EmployeeMaster!$A$1:$A$9,EmployeeMaster!$D$1:$D$9,"not found",0),"not found") -> Ops Manager | M17: =IFERROR(_xlfn.XLOOKUP(C17,EmployeeMaster!$A$1:$A$9,EmployeeMaster!$E$1:$E$9),"not found") -> West | N17: =(G17/H17)*100 -> 102.82962 | O17: =_xlfn.XLOOKUP(M17,RegionBenchmarks!$A$1:$A$6,RegionBenchmarks!$B$1:$B$6) -> 55000
... A101: 525728 | B101: 45265 | C101: EMP007 | D101: DEC | E101: Stationery | F101: 51 | G101: 71859 | H101: 72862 | I101: North | J101: =_xlfn.XLOOKUP(C101,EmployeeMaster!$A$1:$A$9,EmployeeMaster!$C$1:$C$9) -> Marketing | K101: =IFERROR(_xlfn.XLOOKUP(C101,EmployeeMaster!$A$1:$A$9,EmployeeMaster!$B$1:$B$9),"not found") -> Martina Brands | L101: =IFERROR(_xlfn.XLOOKUP(C101,EmployeeMaster!$A$1:$A$9,EmployeeMaster!$D$1:$D$9,"not found",0),"not found") -> Brand Manager | M101: =IFERROR(_xlfn.XLOOKUP(C101,EmployeeMaster!$A$1:$A$9,EmployeeMaster!$E$1:$E$9),"not found") -> North | N101: =(G101/H101)*100 -> 98.623425 | O101: =_xlfn.XLOOKUP(M101,RegionBenchmarks!$A$1:$A$6,RegionBenchmarks!$B$1:$B$6) -> 68500

Sheet EmployeeMaster
A1: Employee ID | B1: Name | C1: Department | D1: Designation | E1: Region | F1: Date of Joining | G1: Status
A2: EMP001 | B2: Lynda Smith | C2: Sales | D2: Sales Executive | E2: North | F2: 03/01/2019 | G2: Active
A3: EMP002 | B3: Raj Mehta | C3: Marketing | D3: Marketing Lead | E3: South | F3: 07/15/2020 | G3: Active
A4: EMP003 | B4: Ronn Robinson | C4: Sales | D4: Sr. Sales Exec. | E4: East | F4: 11/20/2018 | G4: Inactive
A5: EMP004 | B5: Christi Davis | C5: Operations | D5: Ops Manager | E5: West | F5: 01/10/2021 | G5: Active
A6: EMP005 | B6: Joe Lyn | C6: Sales | D6: Sales Associate | E6: Central | F6: 05/05/2020 | G6: Active
A7: EMP006 | B7: Fatima Zhang | C7: Sales | D7: Sales Executive | E7: South | F7: 08/30/2019 | G7: Active
A8: EMP007 | B8: Martina Brands | C8: Marketing | D8: Brand Manager | E8: North | F8: 02/17/2021 | G8: Active
A9: EMP008 | B9: John Taylor | C9: Sales | D9: Sales Manager | E9: East | F9: 06/23/2017 | G9: Inactive

Sheet RegionBenchmarks
A1: Region | B1: Benchmark Target
A2: North | B2: 68500
A3: South | B3: 60000
A4: East | B4: 50000
A5: West | B5: 55000
A6: Central | B6: 45000

Sheet Total revenue 
A1: Row Labels | B1: Sum of Revenue
A2: Central | B2: 1086352
A3: Electronics | B3: 566781
A4: Furniture | B4: 218758
A5: Stationery | B5: 300813
A6: East | B6: 1345160
A7: Electronics | B7: 320173
A8: Furniture | B8: 461903
A9: Stationery | B9: 563084
A10: North | B10: 1149809
A11: Electronics | B11: 418352
A12: Furniture | B12: 129402
A13: Stationery | B13: 602055
... A22: Grand Total | B22: 5861281

Sheet Avg Unit sold
A1: Month | B1: (All)
A2: Department | B2: (All)
A4: Row Labels | B4: Average of Units Sold
A5: EMP001 | B5: 36.6
A6: EMP002 | B6: 42.153846
A7: EMP003 | B7: 43
A8: EMP004 | B8: 34.4
A9: EMP005 | B9: 46.266667
A10: EMP006 | B10: 36.928571
A11: EMP007 | B11: 40.5
A12: EMP008 | B12: 46.4
A13: Grand Total | B13: 40.64

Sheet Grouped Transactions 
A1: Row Labels | B1: Sum of Transaction ID
A2: Qtr1 | B2: 12517164
A3: Jan | B3: 3842076
A4: Feb | B4: 7293839
A5: Mar | B5: 1381249
A6: Qtr2 | B6: 12507763
A7: Apr | B7: 2147913
A8: May | B8: 5823839
A9: Jun | B9: 4536011
A10: Qtr3 | B10: 10658155
A11: Jul | B11: 5228400
A12: Aug | B12: 2241935
A13: Sep | B13: 3187820
... A18: Grand Total | B18: 56441021

Sheet Revenue ranges 
A1: Row Labels | B1: Count of Employee ID
A2: 20000-29999 | B2: 7
A3: 30000-39999 | B3: 11
A4: 40000-49999 | B4: 18
A5: 50000-59999 | B5: 19
A6: 60000-69999 | B6: 18
A7: 70000-79999 | B7: 12
A8: 80000-89999 | B8: 3
A9: 90000-99999 | B9: 10
A10: 100000-109999 | B10: 1
A11: 110000-120000 | B11: 1
A12: Grand Total | B12: 100

Sheet Performance
A1: Row Labels | B1: Count of Units Sold
A2: EMP005 | B2: 15
A3: EMP004 | B3: 15
A4: EMP006 | B4: 14
A5: EMP002 | B5: 13
A6: EMP007 | B6: 12
A7: EMP003 | B7: 11
A8: EMP008 | B8: 10
A9: EMP001 | B9: 10
A10: Grand Total | B10: 100

Sheet Drill down 
A1: Details for Sum of Revenue - Region: West
A3: Transaction ID | B3: Sale Date | C3: Employee ID | D3: Month | E3: Product Category | F3: Units Sold | G3: Revenue | H3: Target | I3: Region | J3: Department | K3: Revenue ranges
A4: 719040 | B4: 45120 | C4: EMP004 | D4: NOV | E4: Furniture | F4: 43 | G4: 61963 | H4: 65817 | I4: West | J4: Operations
A5: 297033 | B5: 45054 | C5: EMP004 | D5: NOV | E5: Electronics | F5: 36 | G5: 37620 | H5: 31008 | I5: West | J5: Operations
A6: 509306 | B6: 45215 | C6: EMP004 | D6: SEP | E6: Electronics | F6: 37 | G6: 43031 | H6: 35131 | I6: West | J6: Operations
A7: 614942 | B7: 45217 | C7: EMP004 | D7: AUG | E7: Stationery | F7: 43 | G7: 55513 | H7: 57929 | I7: West | J7: Operations
A8: 705811 | B8: 45285 | C8: EMP004 | D8: JUL | E8: Electronics | F8: 52 | G8: 66092 | H8: 68922 | I8: West | J8: Operations
A9: 853549 | B9: 45179 | C9: EMP004 | D9: JUL | E9: Stationery | F9: 36 | G9: 50580 | H9: 53436 | I9: West | J9: Operations
A10: 141868 | B10: 45124 | C10: EMP004 | D10: JUN | E10: Electronics | F10: 32 | G10: 38208 | H10: 34422 | I10: West | J10: Operations
A11: 428406 | B11: 45123 | C11: EMP004 | D11: MAY | E11: Stationery | F11: 37 | G11: 62345 | H11: 59392 | I11: West | J11: Operations
A12: 804827 | B12: 45192 | C12: EMP004 | D12: MAY | E12: Electronics | F12: 24 | G12: 46248 | H12: 50734 | I12: West | J12: Operations
A13: 624149 | B13: 45285 | C13: EMP004 | D13: MAY | E13: Electronics | F13: 20 | G13: 21440 | H13: 14843 | I13: West | J13: Operations
A14: 624861 | B14: 45132 | C14: EMP004 | D14: FEB | E14: Furniture | F14: 24 | G14: 25104 | H14: 19270 | I14: West | J14: Operations
A15: 236087 | B15: 45216 | C15: EMP004 | D15: MAY | E15: Furniture | F15: 39 | G15: 54912 | H15: 48908 | I15: West | J15: Operations
... A18: 914427 | B18: 45105 | C18: EMP004 | D18: FEB | E18: Stationery | F18: 30 | G18: 44190 | H18: 42974 | I18: West | J18: Operations
A21: Details for Sum of Revenue - Region: Central
A23: Transaction ID | B23: Sale Date | C23: Employee ID | D23: Month | E23: Product Category | F23: Units Sold | G23: Revenue | H23: Target | I23: Region | J23: Department | K23: Revenue ranges
A24: 913305 | B24: 45194 | C24: EMP005 | D24: DEC | E24: Electronics | F24: 34 | G24: 62050 | H24: 63788 | I24: Central | J24: Sales
A25: 972881 | B25: 45100 | C25: EMP005 | D25: NOV | E25: Furniture | F25: 46 | G25: 61364 | H25: 59772 | I25: Central | J25: Sales
A26: 296032 | B26: 45240 | C26: EMP005 | D26: OCT | E26: Furniture | F26: 22 | G26: 24442 | H26: 19668 | I26: Central | J26: Sales
A27: 889905 | B27: 45282 | C27: EMP005 | D27: OCT | E27: Stationery | F27: 42 | G27: 69552 | H27: 66206 | I27: Central | J27: Sales
A28: 136884 | B28: 44992 | C28: EMP005 | D28: AUG | E28: Stationery | F28: 30 | G28: 52770 | H28: 50531 | I28: Central | J28: Sales
A29: 171074 | B29: 45208 | C29: EMP005 | D29: AUG | E29: Electronics | F29: 52 | G29: 78000 | H29: 78886 | I29: Central | J29: Sales
A30: 375513 | B30: 45109 | C30: EMP005 | D30: AUG | E30: Electronics | F30: 58 | G30: 70470 | H30: 63713 | I30: Central | J30: Sales
A31: 773919 | B31: 45135 | C31: EMP005 | D31: AUG | E31: Furniture | F31: 26 | G31: 50986 | H31: 41599 | I31: Central | J31: Sales
A32: 411338 | B32: 45066 | C32: EMP005 | D32: AUG | E32: Electronics | F32: 59 | G32: 107734 | H32: 102020 | I32: Central | J32: Sales
A33: 655665 | B33: 45050 | C33: EMP005 | D33: FEB | E33: Stationery | F33: 60 | G33: 97980 | H33: 88473 | I33: Central | J33: Sales
A34: 622476 | B34: 45252 | C34: EMP005 | D34: JUL | E34: Electronics | F34: 49 | G34: 64827 | H34: 57509 | I34: Central | J34: Sales
A35: 715404 | B35: 45289 | C35: EMP005 | D35: JUL | E35: Stationery | F35: 47 | G35: 80511 | H35: 73543 | I35: Central | J35: Sales
... A38: 664779 | B38: 45239 | C38: EMP005 | D38: MAR | E38: Furniture | F38: 57 | G38: 81966 | H38: 72257 | I38: Central | J38: Sales

Sheet Bonus 
A1: Row Labels | B1: Sum of Revenue | C1: Sum of Target | D1: BONUS
A2: EMP001 | B2: 497694 | C2: 472678 | D2: =IF(B2>C2,B2*5/100,"BONUS NA") -> 24884.7
A3: EMP002 | B3: 845449 | C3: 823476 | D3: =IF(B3>C3,B3*5/100,"BONUS NA") -> 42272.45
A4: EMP003 | B4: 698662 | C4: 672663 | D4: =IF(B4>C4,B4*5/100,"BONUS NA") -> 34933.1
A5: EMP004 | B5: 710424 | C5: 668991 | D5: =IF(B5>C5,B5*5/100,"BONUS NA") -> 35521.2
A6: EMP005 | B6: 1086352 | C6: 1018761 | D6: =IF(B6>C6,B6*5/100,"BONUS NA") -> 54317.6
A7: EMP006 | B7: 724087 | C7: 663483 | D7: =IF(B7>C7,B7*5/100,"BONUS NA") -> 36204.35
A8: EMP007 | B8: 652115 | C8: 656335 | D8: =IF(B8>C8,B8*5/100,"BONUS NA") -> BONUS NA
A9: EMP008 | B9: 646498 | C9: 648828 | D9: =IF(B9>C9,B9*5/100,"BONUS NA") -> BONUS NA
A10: Grand Total | B10: 5861281 | C10: 5625215

Sheet Benchmarks 
A1: Row Labels | B1: Sum of Revenue | C1: Benchmarks
A2: Central | B2: 1086352 | C2: =_xlfn.XLOOKUP(A2,RegionBenchmarks!$A$1:$A$6,RegionBenchmarks!$B$1:$B$6) -> 45000
A3: East | B3: 1345160 | C3: =_xlfn.XLOOKUP(A3,RegionBenchmarks!$A$1:$A$6,RegionBenchmarks!$B$1:$B$6) -> 50000
A4: North | B4: 1149809 | C4: =_xlfn.XLOOKUP(A4,RegionBenchmarks!$A$1:$A$6,RegionBenchmarks!$B$1:$B$6) -> 68500
A5: South | B5: 1569536 | C5: =_xlfn.XLOOKUP(A5,RegionBenchmarks!$A$1:$A$6,RegionBenchmarks!$B$1:$B$6) -> 60000
A6: West | B6: 710424 | C6: =_xlfn.XLOOKUP(A6,RegionBenchmarks!$A$1:$A$6,RegionBenchmarks!$B$1:$B$6) -> 55000
A7: Grand Total | B7: 5861281

Sheet Brainstorming questions
A1: Ans - 1 | B1: The sales department had the highest total revenue this quarter across all the regions and product categories
A3: Ans - 2 | B3: Yes the employee EMPOO5 (Joe Lyn) met all the targets in every recorded months Joe Lyn was always equal to or higher than the monthly sales target values
O4: (Showed in the pivot table below )
A5: Ans - 3 | B5: The central region showed a pattern of declining performance after grouping sales by month
A7: Ans - 4 | B7: XLOOKUP simplified linking datasets by allowing dynamic info of employee region department and targets when analyzing data and XLOOKUP is flexible and error free
A9: Ans - 5 | B9: Conditional Formatting : To highlight employees who exceed or missed targets making trends visually clear
B10: Data Validation : To do input and ensure accuracy when updating data
A13: Row Labels | B13: Sum of Revenue
A14: EMP005 | B14: 1086352
A15: FEB | B15: 97980
A16: 45000 | B16: 97980
A17: MAR | B17: 81966
A18: 45000 | B18: 81966
A19: APR | B19: 183700
A20: 45000 | B20: 183700
A21: JUL | B21: 145338
A22: 45000 | B22: 145338
A23: AUG | B23: 359960
A24: 45000 | B24: 359960
A25: OCT | B25: 93994
A26: 45000 | B26: 93994
A27: NOV | B27: 61364
A28: 45000 | B28: 61364
A29: DEC | B29: 62050
A30: 45000 | B30: 62050
A31: Grand Total | B31: 1086352
